datetime,hour,amount
2022-04-20,11,32
2022-04-20,12,33
2022-04-20,20,46
2022-04-25,14,1564
2022-04-25,15,2448
2022-04-25,16,2393
2022-04-25,17,3411
2022-04-25,18,3606
2022-04-25,19,3133
2022-04-25,20,2245
2022-04-25,21,1512
2022-04-25,22,1047
2022-04-25,23,788
2022-04-26,0,276
2022-04-26,1,202
2022-04-26,2,145
2022-04-26,3,115
2022-04-26,4,84
2022-04-26,5,138
2022-04-26,6,337
2022-04-26,7,1038
2022-04-26,8,2478
2022-04-26,9,1910
2022-04-26,10,1675
2022-04-26,11,2059
2022-04-26,12,2858
2022-04-26,13,2512
2022-04-26,14,2511
2022-04-26,15,2290
2022-04-26,16,2301
2022-04-26,17,3185
2022-04-26,18,3252
2022-04-26,19,2976
2022-04-26,20,2086
2022-04-26,21,1518
2022-04-26,22,1073
2022-04-26,23,786
2022-04-27,0,296
2022-04-27,1,211
2022-04-27,2,161
2022-04-27,3,144
2022-04-27,4,76
2022-04-27,5,153
2022-04-27,6,287
2022-04-27,7,1133
2022-04-27,8,2479
2022-04-27,9,1942
2022-04-27,10,1818
2022-04-27,11,2246
2022-04-27,12,3014
2022-04-27,13,2574
2022-04-27,14,2468
2022-04-27,15,2487
2022-04-27,16,2561
2022-04-27,17,3776
2022-04-27,18,3764
2022-04-27,19,3283
2022-04-27,20,2413
2022-04-27,21,1637
2022-04-27,22,1250
2022-04-27,23,853
2022-04-28,0,363
2022-04-28,1,237
2022-04-28,2,166
2022-04-28,3,142
2022-04-28,4,92
2022-04-28,5,140
2022-04-28,6,342
2022-04-28,7,1027
2022-04-28,8,2500
2022-04-28,9,2010
2022-04-28,10,1904
2022-04-28,11,2248
2022-04-28,12,3260
2022-04-28,13,2768
2022-04-28,14,2726
2022-04-28,15,2563
2022-04-28,16,2725
2022-04-28,17,3285
2022-04-28,18,3599
2022-04-28,19,3483
2022-04-28,20,2688
2022-04-28,21,2086
2022-04-28,22,1542
2022-04-28,23,1218
2022-04-29,0,669
2022-04-29,1,386
2022-04-29,2,323
2022-04-29,3,235
2022-04-29,4,187
2022-04-29,5,318
2022-04-29,6,310
2022-04-29,7,380
2022-04-29,8,780
2022-04-29,9,1613
2022-04-29,10,2133
2022-04-29,11,2874
2022-04-29,12,3471
2022-04-29,13,3698
2022-04-29,14,3474
2022-04-29,15,3159
2022-04-29,16,3142
2022-04-29,17,3606
2022-04-29,18,3616
2022-04-29,19,2970
2022-04-29,20,2447
2022-04-29,21,1731
2022-04-29,22,1225
2022-04-29,23,1021
2022-04-30,0,422
2022-04-30,1,298
2022-04-30,2,250
2022-04-30,3,200
2022-04-30,4,134
2022-04-30,5,315
2022-04-30,6,331
2022-04-30,7,423
2022-04-30,8,1023
2022-04-30,9,1728
2022-04-30,10,2339
2022-04-30,11,3105
2022-04-30,12,3342
2022-04-30,13,3902
2022-04-30,14,3942
2022-04-30,15,3620
2022-04-30,16,3439
2022-04-30,17,3820
2022-04-30,18,3904
2022-04-30,19,3528
2022-04-30,20,2965
2022-04-30,21,2071
2022-04-30,22,1787
2022-04-30,23,1346
2022-05-01,0,610
2022-05-01,1,467
2022-05-01,2,343
2022-05-01,3,311
2022-05-01,4,133
2022-05-01,5,202
2022-05-01,6,383
2022-05-01,7,358
2022-05-01,8,905
2022-05-01,9,1737
2022-05-01,10,2265
2022-05-01,11,3175
2022-05-01,12,3588
2022-05-01,13,3787
2022-05-01,14,3779
2022-05-01,15,3447
2022-05-01,16,3356
2022-05-01,17,3302
2022-05-01,18,3148
2022-05-01,19,2881
2022-05-01,20,2205
2022-05-01,21,1691
2022-05-01,22,1011
2022-05-01,23,894
2022-05-02,0,439
2022-05-02,1,295
2022-05-02,2,264
2022-05-02,3,190
2022-05-02,4,106
2022-05-02,5,200
2022-05-02,6,370
2022-05-02,7,726
2022-05-02,8,1601
2022-05-02,9,1700
2022-05-02,10,2172
2022-05-02,11,2665
2022-05-02,12,3381
2022-05-02,13,3263
2022-05-02,14,3386
2022-05-02,15,3210
2022-05-02,16,3244
2022-05-02,17,3917
2022-05-02,18,3782
2022-05-02,19,3132
2022-05-02,20,2554
2022-05-02,21,2070
2022-05-02,22,1601
2022-05-02,23,1090
2022-05-03,0,479
2022-05-03,1,327
2022-05-03,2,294
2022-05-03,3,187
2022-05-03,4,120
2022-05-03,5,172
2022-05-03,6,346
2022-05-03,7,337
2022-05-03,8,701
2022-05-03,9,1525
2022-05-03,10,2026
2022-05-03,11,2782
2022-05-03,12,3353
2022-05-03,13,3655
2022-05-03,14,3621
2022-05-03,15,3490
2022-05-03,16,3626
2022-05-03,17,3678
2022-05-03,18,3833
2022-05-03,19,3430
2022-05-03,20,2578
2022-05-03,21,2004
2022-05-03,22,1569
2022-05-03,23,1128
2022-05-04,0,611
2022-05-04,1,309
2022-05-04,2,277
2022-05-04,3,210
2022-05-04,4,214
2022-05-04,5,325
2022-05-04,6,342
2022-05-04,7,324
2022-05-04,8,759
2022-05-04,9,1414
2022-05-04,10,2059
2022-05-04,11,3061
2022-05-04,12,3549
2022-05-04,13,3862
2022-05-04,14,3850
2022-05-04,15,3840
2022-05-04,16,3910
2022-05-04,17,3455
2022-05-04,18,3699
2022-05-04,19,3382
2022-05-04,20,2740
2022-05-04,21,2196
2022-05-04,22,1556
2022-05-04,23,1319
2022-05-05,0,583
2022-05-05,1,444
2022-05-05,2,293
2022-05-05,3,210
2022-05-05,4,161
2022-05-05,5,411
2022-05-05,6,325
2022-05-05,7,334
2022-05-05,8,864
2022-05-05,9,1377
2022-05-05,10,2071
2022-05-05,11,2787
2022-05-05,12,3187
2022-05-05,13,3376
2022-05-05,14,3584
2022-05-05,15,3373
2022-05-05,16,3175
2022-05-05,17,2963
2022-05-05,18,2683
2022-05-05,19,2370
2022-05-05,20,1990
2022-05-05,21,1473
2022-05-05,22,931
2022-05-05,23,704
2022-05-06,0,302
2022-05-06,1,188
2022-05-06,2,222
2022-05-06,3,181
2022-05-06,4,92
2022-05-06,5,172
2022-05-06,6,287
2022-05-06,7,761
2022-05-06,8,1814
2022-05-06,9,1660
2022-05-06,10,1832
2022-05-06,11,2346
2022-05-06,12,2984
2022-05-06,13,2909
2022-05-06,14,2934
2022-05-06,15,2697
2022-05-06,16,2859
2022-05-06,17,3215
2022-05-06,18,3142
2022-05-06,19,2862
2022-05-06,20,2201
2022-05-06,21,1733
2022-05-06,22,1228
2022-05-06,23,1100
2022-05-07,0,503
2022-05-07,1,426
2022-05-07,2,286
2022-05-07,3,240
2022-05-07,4,93
2022-05-07,5,181
2022-05-07,6,288
2022-05-07,7,301
2022-05-07,8,858
2022-05-07,9,1557
2022-05-07,10,1826
2022-05-07,11,2456
2022-05-07,12,2836
2022-05-07,13,3146
2022-05-07,14,3052
2022-05-07,15,3180
2022-05-07,16,2997
2022-05-07,17,3458
2022-05-07,18,3270
2022-05-07,19,3065
2022-05-07,20,2662
2022-05-07,21,2152
2022-05-07,22,1535
2022-05-07,23,1237
2022-05-08,0,686
2022-05-08,1,355
2022-05-08,2,303
2022-05-08,3,199
2022-05-08,4,84
2022-05-08,5,297
2022-05-08,6,310
2022-05-08,7,388
2022-05-08,8,785
2022-05-08,9,1658
2022-05-08,10,1961
2022-05-08,11,2711
2022-05-08,12,3146
2022-05-08,13,3577
2022-05-08,14,3709
2022-05-08,15,3623
2022-05-08,16,3545
2022-05-08,17,3377
2022-05-08,18,3133
2022-05-08,19,2677
2022-05-08,20,1890
2022-05-08,21,1320
2022-05-08,22,763
2022-05-08,23,591
2022-05-09,0,244
2022-05-09,1,198
2022-05-09,2,123
2022-05-09,3,131
2022-05-09,4,79
2022-05-09,5,183
2022-05-09,6,341
2022-05-09,7,1116
2022-05-09,8,2499
2022-05-09,9,1576
2022-05-09,10,1448
2022-05-09,11,1808
2022-05-09,12,2839
2022-05-09,13,2132
2022-05-09,14,2066
2022-05-09,15,1941
2022-05-09,16,2127
2022-05-09,17,3006
2022-05-09,18,3083
2022-05-09,19,2611
2022-05-09,20,1866
2022-05-09,21,1337
2022-05-09,22,957
2022-05-09,23,598
2022-05-10,0,272
2022-05-10,1,148
2022-05-10,2,143
2022-05-10,3,114
2022-05-10,4,84
2022-05-10,5,152
2022-05-10,6,320
2022-05-10,7,1097
2022-05-10,8,2432
2022-05-10,9,1848
2022-05-10,10,1736
2022-05-10,11,2235
2022-05-10,12,3104
2022-05-10,13,2443
2022-05-10,14,2428
2022-05-10,15,2306
2022-05-10,16,2367
2022-05-10,17,3252
2022-05-10,18,3607
2022-05-10,19,3037
2022-05-10,20,2154
2022-05-10,21,1565
2022-05-10,22,1093
2022-05-10,23,677
2022-05-11,0,387
2022-05-11,1,183
2022-05-11,2,173
2022-05-11,3,97
2022-05-11,4,61
2022-05-11,5,105
2022-05-11,6,292
2022-05-11,7,1169
2022-05-11,8,2532
2022-05-11,9,1881
2022-05-11,10,1771
2022-05-11,11,2067
2022-05-11,12,3083
2022-05-11,13,2415
2022-05-11,14,2739
2022-05-11,15,2568
2022-05-11,16,2607
2022-05-11,17,3793
2022-05-11,18,3764
2022-05-11,19,2911
2022-05-11,20,2002
2022-05-11,21,1436
2022-05-11,22,1002
2022-05-11,23,710
2022-05-12,0,314
2022-05-12,1,201
2022-05-12,2,160
2022-05-12,3,121
2022-05-12,4,44
2022-05-12,5,130
2022-05-12,6,326
2022-05-12,7,1083
2022-05-12,8,2429
2022-05-12,9,1953
2022-05-12,10,1910
2022-05-12,11,2207
2022-05-12,12,2872
2022-05-12,13,2407
2022-05-12,14,2629
2022-05-12,15,2412
2022-05-12,16,2314
2022-05-12,17,3229
2022-05-12,18,3569
2022-05-12,19,3202
2022-05-12,20,2219
2022-05-12,21,1569
2022-05-12,22,872
2022-05-12,23,710
2022-05-13,0,302
2022-05-13,1,196
2022-05-13,2,173
2022-05-13,3,116
2022-05-13,4,19
2022-05-28,12,487
2022-05-28,13,1361
2022-05-28,14,2842
2022-05-28,15,2861
2022-05-28,16,2919
2022-05-28,17,3335
2022-05-28,18,3264
2022-05-28,19,3375
2022-05-28,20,598
2022-06-03,17,2395
2022-06-03,18,3248
2022-06-03,19,2875
2022-06-03,20,2467
2022-06-03,21,2014
2022-06-03,22,1440
2022-06-03,23,1198
2022-06-04,0,547
2022-06-04,1,370
2022-06-04,2,318
2022-06-04,3,189
2022-06-04,4,186
2022-06-04,5,312
2022-06-04,6,286
2022-06-04,7,342
2022-06-04,8,912
2022-06-04,9,1431
2022-06-04,10,2161
2022-06-04,11,2887
2022-06-04,12,3261
2022-06-04,13,3624
2022-06-04,14,3838
2022-06-04,15,3542
2022-06-04,16,3546
2022-06-04,17,3565
2022-06-04,18,3168
2022-06-04,19,3268
2022-06-04,20,2616
2022-06-04,21,1941
2022-06-04,22,1377
2022-06-04,23,1142
2022-06-05,0,550
2022-06-05,1,433
2022-06-05,2,309
2022-06-05,3,222
2022-06-05,4,181
2022-06-05,5,318
2022-06-05,6,251
2022-06-05,7,347
2022-06-05,8,698
2022-06-05,9,1419
2022-06-05,10,2187
2022-06-05,11,2938
2022-06-05,12,3443
2022-06-05,13,3720
2022-06-05,14,3714
2022-06-05,15,3438
2022-06-05,16,3306
2022-06-05,17,3092
2022-06-05,18,2633
2022-06-05,19,2178
2022-06-05,20,1733
2022-06-05,21,1038
2022-06-05,22,693
2022-06-05,23,550
2022-06-06,0,203
2022-06-06,1,222
2022-06-06,2,159
2022-06-06,3,110
2022-06-06,4,98
2022-06-06,5,186
2022-06-06,6,271
2022-06-06,7,901
2022-06-06,8,1974
2022-06-06,9,1402
2022-06-06,10,1187
2022-06-06,11,1505
2022-06-06,12,2123
2022-06-06,13,1735
2022-06-06,14,1637
2022-06-06,15,1702
2022-06-06,16,1761
2022-06-06,17,2226
2022-06-06,18,2266
2022-06-06,19,1775
2022-06-06,20,1272
2022-06-06,21,940
2022-06-06,22,570
2022-06-06,23,420
2022-06-07,0,198
2022-06-07,1,124
2022-06-07,2,80
2022-06-07,3,75
2022-06-07,4,83
2022-06-07,5,134
2022-06-07,6,195
2022-06-07,7,896
2022-06-07,8,2118
2022-06-07,9,1510
2022-06-07,10,1369
2022-06-07,11,1731
2022-06-07,12,2443
2022-06-07,13,2062
2022-06-07,14,1904
2022-06-07,15,1873
2022-06-07,16,1986
2022-06-07,17,2717
2022-06-07,18,2862
2022-06-07,19,2402
2022-06-07,20,1725
2022-06-07,21,1171
2022-06-07,22,823
2022-06-07,23,624
2022-06-08,0,217
2022-06-08,1,143
2022-06-08,2,147
2022-06-08,3,89
2022-06-08,4,81
2022-06-08,5,139
2022-06-08,6,291
2022-06-08,7,922
2022-06-08,8,1988
2022-06-08,9,1452
2022-06-08,10,1438
2022-06-08,11,1742
2022-06-08,12,2551
2022-06-08,13,2074
2022-06-08,14,2067
2022-06-08,15,1965
2022-06-08,16,2226
2022-06-08,17,2933
2022-06-08,18,2919
2022-06-08,19,2323
2022-06-08,20,1644
2022-06-08,21,1304
2022-06-08,22,923
2022-06-08,23,623
2022-06-09,0,283
2022-06-09,1,165
2022-06-09,2,129
2022-06-09,3,92
2022-06-09,4,95
2022-06-09,5,176
2022-06-09,6,230
2022-06-09,7,909
2022-06-09,8,2174
2022-06-09,9,1647
2022-06-09,10,1468
2022-06-09,11,1970
2022-06-09,12,2750
2022-06-09,13,2444
2022-06-09,14,2139
2022-06-09,15,2151
2022-06-09,16,2141
2022-06-09,17,2873
2022-06-09,18,3081
2022-06-09,19,2588
2022-06-09,20,1926
2022-06-09,21,1489
2022-06-09,22,1071
2022-06-09,23,707
2022-06-10,0,325
2022-06-10,1,192
2022-06-10,2,146
2022-06-10,3,95
2022-06-10,4,89
2022-06-10,5,146
2022-06-10,6,305
2022-06-10,7,913
2022-06-10,8,2250
2022-06-10,9,1666
2022-06-10,10,1601
2022-06-10,11,2031
2022-06-10,12,3004
2022-06-10,13,2442
2022-06-10,14,2270
2022-06-10,15,2266
2022-06-10,16,2381
2022-06-10,17,3273
2022-06-10,18,3390
2022-06-10,19,3233
2022-06-10,20,2347
2022-06-10,21,2093
2022-06-10,22,1621
2022-06-10,23,1312
2022-06-11,0,581
2022-06-11,1,370
2022-06-11,2,304
2022-06-11,3,227
2022-06-11,4,153
2022-06-11,5,354
2022-06-11,6,249
2022-06-11,7,388
2022-06-11,8,788
2022-06-11,9,1428
2022-06-11,10,1797
2022-06-11,11,2246
2022-06-11,12,2764
2022-06-11,13,3015
2022-06-11,14,3349
2022-06-11,15,3195
2022-06-11,16,3034
2022-06-11,17,3044
2022-06-11,18,3103
2022-06-11,19,2848
2022-06-11,20,2438
2022-06-11,21,1943
2022-06-11,22,1373
2022-06-11,23,1256
2022-06-12,0,596
2022-06-12,1,453
2022-06-12,2,289
2022-06-12,3,237
2022-06-12,4,147
2022-06-12,5,345
2022-06-12,6,286
2022-06-12,7,277
2022-06-12,8,715
2022-06-12,9,1238
2022-06-12,10,1585
2022-06-12,11,2420
2022-06-12,12,2879
2022-06-12,13,3119
2022-06-12,14,3141
2022-06-12,15,2864
2022-06-12,16,3116
2022-06-12,17,2979
2022-06-12,18,2635
2022-06-12,19,2277
2022-06-12,20,1823
2022-06-12,21,1106
2022-06-12,22,823
2022-06-12,23,598
2022-06-13,0,298
2022-06-13,1,201
2022-06-13,2,169
2022-06-13,3,111
2022-06-13,4,132
2022-06-13,5,142
2022-06-13,6,284
2022-06-13,7,912
2022-06-13,8,2092
2022-06-13,9,1386
2022-06-13,10,1352
2022-06-13,11,1833
2022-06-13,12,2680
2022-06-13,13,2154
2022-06-13,14,2024
2022-06-13,15,2007
2022-06-13,16,2099
2022-06-13,17,2695
2022-06-13,18,2722
2022-06-13,19,2405
2022-06-13,20,1767
2022-06-13,21,1346
2022-06-13,22,860
2022-06-13,23,560
2022-06-14,0,261
2022-06-14,1,164
2022-06-14,2,133
2022-06-14,3,106
2022-06-14,4,117
2022-06-14,5,155
2022-06-14,6,307
2022-06-14,7,933
2022-06-14,8,2158
2022-06-14,9,1549
2022-06-14,10,1463
2022-06-14,11,1738
2022-06-14,12,2507
2022-06-14,13,2117
2022-06-14,14,1988
2022-06-14,15,1951
2022-06-14,16,2149
2022-06-14,17,2823
2022-06-14,18,2953
2022-06-14,19,2429
2022-06-14,20,1791
2022-06-14,21,1333
2022-06-14,22,1033
2022-06-14,23,674
2022-06-15,0,321
2022-06-15,1,167
2022-06-15,2,129
2022-06-15,3,118
2022-06-15,4,124
2022-06-15,5,140
2022-06-15,6,286
2022-06-15,7,967
2022-06-15,8,2168
2022-06-15,9,1628
2022-06-15,10,1531
2022-06-15,11,1778
2022-06-15,12,2554
2022-06-15,13,2227
2022-06-15,14,2107
2022-06-15,15,2083
2022-06-15,16,2152
2022-06-15,17,2948
2022-06-15,18,2897
2022-06-15,19,2464
2022-06-15,20,1933
2022-06-15,21,1554
2022-06-15,22,974
2022-06-15,23,752
2022-06-16,0,357
2022-06-16,1,184
2022-06-16,2,144
2022-06-16,3,109
2022-06-16,4,79
2022-06-16,5,176
2022-06-16,6,258
2022-06-16,7,904
2022-06-16,8,2043
2022-06-16,9,1534
2022-06-16,10,1373
2022-06-16,11,1782
2022-06-16,12,2655
2022-06-16,13,2238
2022-06-16,14,2091
2022-06-16,15,1869
2022-06-16,16,2133
2022-06-16,17,2878
2022-06-16,18,2720
2022-06-16,19,2480
2022-06-16,20,1973
2022-06-16,21,1529
2022-06-16,22,1148
2022-06-16,23,746
2022-06-17,0,344
2022-06-17,1,228
2022-06-17,2,171
2022-06-17,3,128
2022-06-17,4,105
2022-06-17,5,124
2022-06-17,6,253
2022-06-17,7,853
2022-06-17,8,2017
2022-06-17,9,1516
2022-06-17,10,1482
2022-06-17,11,1837
2022-06-17,12,2786
2022-06-17,13,2424
2022-06-17,14,2374
2022-06-17,15,2270
2022-06-17,16,2518
2022-06-17,17,3246
2022-06-17,18,3439
2022-06-17,19,3288
2022-06-17,20,2620
2022-06-17,21,2171
2022-06-17,22,1649
2022-06-17,23,1265
2022-06-18,0,676
2022-06-18,1,452
2022-06-18,2,327
2022-06-18,3,246
2022-06-18,4,195
2022-06-18,5,367
2022-06-18,6,268
2022-06-18,7,334
2022-06-18,8,854
2022-06-18,9,1489
2022-06-18,10,1792
2022-06-18,11,2506
2022-06-18,12,2902
2022-06-18,13,3174
2022-06-18,14,3264
2022-06-18,15,3430
2022-06-18,16,3129
2022-06-18,17,3153
2022-06-18,18,3202
2022-06-18,19,3188
2022-06-18,20,2582
2022-06-18,21,2245
2022-06-18,22,1549
2022-06-18,23,1331
2022-06-19,0,656
2022-06-19,1,414
2022-06-19,2,348
2022-06-19,3,233
2022-06-19,4,277
2022-06-19,5,353
2022-06-19,6,301
2022-06-19,7,325
2022-06-19,8,749
2022-06-19,9,1245
2022-06-19,10,1737
2022-06-19,11,2364
2022-06-19,12,2779
2022-06-19,13,3142
2022-06-19,14,2801
2022-06-19,15,2732
2022-06-19,16,2794
2022-06-19,17,2791
2022-06-19,18,2557
2022-06-19,19,2337
2022-06-19,20,1771
2022-06-19,21,1293
2022-06-19,22,855
2022-06-19,23,630
2022-06-20,0,266
2022-06-20,1,212
2022-06-20,2,144
2022-06-20,3,118
2022-06-20,4,95
2022-06-20,5,169
2022-06-20,6,223
2022-06-20,7,920
2022-06-20,8,2059
2022-06-20,9,1442
2022-06-20,10,1444
2022-06-20,11,1790
2022-06-20,12,2659
2022-06-20,13,2259
2022-06-20,14,1967
2022-06-20,15,1903
2022-06-20,16,1982
2022-06-20,17,2533
2022-06-20,18,2849
2022-06-20,19,2297
2022-06-20,20,1855
2022-06-20,21,1288
2022-06-20,22,857
2022-06-20,23,702
2022-06-21,0,230
2022-06-21,1,207
2022-06-21,2,113
2022-06-21,3,92
2022-06-21,4,83
2022-06-21,5,157
2022-06-21,6,263
2022-06-21,7,978
2022-06-21,8,2075
2022-06-21,9,1445
2022-06-21,10,1295
2022-06-21,11,1627
2022-06-21,12,2505
2022-06-21,13,2167
2022-06-21,14,1795
2022-06-21,15,1740
2022-06-21,16,1868
2022-06-21,17,2685
2022-06-21,18,2888
2022-06-21,19,2272
2022-06-21,20,2122
2022-06-21,21,1409
2022-06-21,22,949
2022-06-21,23,698
2022-06-22,0,312
2022-06-22,1,212
2022-06-22,2,154
2022-06-22,3,141
2022-06-22,4,101
2022-06-22,5,189
2022-06-22,6,262
2022-06-22,7,852
2022-06-22,8,2127
2022-06-22,9,1572
2022-06-22,10,1394
2022-06-22,11,1810
2022-06-22,12,2642
2022-06-22,13,2220
2022-06-22,14,2024
2022-06-22,15,2005
2022-06-22,16,2339
2022-06-22,17,2894
2022-06-22,18,3088
2022-06-22,19,2482
2022-06-22,20,1995
2022-06-22,21,1570
2022-06-22,22,979
2022-06-22,23,626
2022-06-23,0,316
2022-06-23,1,151
2022-06-23,2,129
2022-06-23,3,103
2022-06-23,4,106
2022-06-23,5,110
2022-06-23,6,243
2022-06-23,7,832
2022-06-23,8,1994
2022-06-23,9,1551
2022-06-23,10,1410
2022-06-23,11,1896
2022-06-23,12,2580
2022-06-23,13,2360
2022-06-23,14,2074
2022-06-23,15,1929
2022-06-23,16,2183
2022-06-23,17,2700
2022-06-23,18,2600
2022-06-23,19,2618
2022-06-23,20,1933
2022-06-23,21,1519
2022-06-23,22,827
2022-06-23,23,786
2022-06-24,0,306
2022-06-24,1,187
2022-06-24,2,132
2022-06-24,3,122
2022-06-24,4,124
2022-06-24,5,158
2022-06-24,6,231
2022-06-24,7,892
2022-06-24,8,2056
2022-06-24,9,1519
2022-06-24,10,1402
2022-06-24,11,1970
2022-06-24,12,2828
2022-06-24,13,2398
2022-06-24,14,2098
2022-06-24,15,1986
2022-06-24,16,2353
2022-06-24,17,3139
2022-06-24,18,3374
2022-06-24,19,3185
2022-06-24,20,2685
2022-06-24,21,2081
2022-06-24,22,1690
2022-06-24,23,1481
2022-06-25,0,742
2022-06-25,1,504
2022-06-25,2,295
2022-06-25,3,295
2022-06-25,4,201
2022-06-25,5,361
2022-06-25,6,251
2022-06-25,7,330
2022-06-25,8,933
2022-06-25,9,1506
2022-06-25,10,1848
2022-06-25,11,2628
2022-06-25,12,3169
2022-06-25,13,3392
2022-06-25,14,3066
2022-06-25,15,3096
2022-06-25,16,3284
2022-06-25,17,3330
2022-06-25,18,3237
2022-06-25,19,3460
2022-06-25,20,2923
2022-06-25,21,2362
2022-06-25,22,1687
2022-06-25,23,1489
2022-06-26,0,679
2022-06-26,1,508
2022-06-26,2,357
2022-06-26,3,269
2022-06-26,4,262
2022-06-26,5,385
2022-06-26,6,294
2022-06-26,7,337
2022-06-26,8,789
2022-06-26,9,1521
2022-06-26,10,1740
2022-06-26,11,2492
2022-06-26,12,2952
2022-06-26,13,3303
2022-06-26,14,3222
2022-06-26,15,3172
2022-06-26,16,2977
2022-06-26,17,2745
2022-06-26,18,2713
2022-06-26,19,2606
2022-06-26,20,1836
2022-06-26,21,1229
2022-06-26,22,847
2022-06-26,23,579
2022-06-27,0,273
2022-06-27,1,193
2022-06-27,2,118
2022-06-27,3,110
2022-06-27,4,91
2022-06-27,5,145
2022-06-27,6,262
2022-06-27,7,801
2022-06-27,8,1926
2022-06-27,9,1218
2022-06-27,10,1193
2022-06-27,11,1531
2022-06-27,12,2360
2022-06-27,13,2000
2022-06-27,14,1719
2022-06-27,15,1739
2022-06-27,16,1850
2022-06-27,17,2543
2022-06-27,18,2595
2022-06-27,19,2290
2022-06-27,20,1791
2022-06-27,21,1212
2022-06-27,22,884
2022-06-27,23,642
2022-06-28,0,282
2022-06-28,1,190
2022-06-28,2,138
2022-06-28,3,114
2022-06-28,4,126
2022-06-28,5,136
2022-06-28,6,249
2022-06-28,7,861
2022-06-28,8,1991
2022-06-28,9,1328
2022-06-28,10,1209
2022-06-28,11,1587
2022-06-28,12,2423
2022-06-28,13,1975
2022-06-28,14,1852
2022-06-28,15,1916
2022-06-28,16,2065
2022-06-28,17,2665
2022-06-28,18,2826
2022-06-28,19,2381
2022-06-28,20,1840
2022-06-28,21,1283
2022-06-28,22,965
2022-06-28,23,735
2022-06-29,0,382
2022-06-29,1,194
2022-06-29,2,132
2022-06-29,3,135
2022-06-29,4,117
2022-06-29,5,182
2022-06-29,6,270
2022-06-29,7,917
2022-06-29,8,2166
2022-06-29,9,1444
2022-06-29,10,1370
2022-06-29,11,1817
2022-06-29,12,2662
2022-06-29,13,2210
2022-06-29,14,2001
2022-06-29,15,2122
2022-06-29,16,2264
2022-06-29,17,3046
2022-06-29,18,3128
2022-06-29,19,2602
2022-06-29,20,1999
2022-06-29,21,1499
2022-06-29,22,1006
2022-06-29,23,815
2022-06-30,0,288
2022-06-30,1,189
2022-06-30,2,144
2022-06-30,3,120
2022-06-30,4,91
2022-06-30,5,165
2022-06-30,6,250
2022-06-30,7,906
2022-06-30,8,2075
2022-06-30,9,1433
2022-06-30,10,1398
2022-06-30,11,1642
2022-06-30,12,2411
2022-06-30,13,2001
2022-06-30,14,1738
2022-06-30,15,1729
2022-06-30,16,1842
2022-06-30,17,2666
2022-06-30,18,2912
2022-06-30,19,2503
2022-06-30,20,1973
2022-06-30,21,1574
2022-06-30,22,1030
2022-06-30,23,738
2022-07-01,0,320
2022-07-01,1,187
2022-07-01,2,149
2022-07-01,3,103
2022-07-01,4,100
2022-07-01,5,163
2022-07-01,6,224
2022-07-01,7,871
2022-07-01,8,2148
2022-07-01,9,1429
2022-07-01,10,1368
2022-07-01,11,1651
2022-07-01,12,2624
2022-07-01,13,2065
2022-07-01,14,1943
2022-07-01,15,1803
2022-07-01,16,2004
2022-07-01,17,2989
2022-07-01,18,3245
2022-07-01,19,3052
2022-07-01,20,2447
2022-07-01,21,1859
2022-07-01,22,1479
2022-07-01,23,1251
2022-07-02,0,586
2022-07-02,1,396
2022-07-02,2,268
2022-07-02,3,254
2022-07-02,4,198
2022-07-02,5,352
2022-07-02,6,283
2022-07-02,7,330
2022-07-02,8,797
2022-07-02,9,1278
2022-07-02,10,1502
2022-07-02,11,2079
2022-07-02,12,2309
2022-07-02,13,2682
2022-07-02,14,2705
2022-07-02,15,2661
2022-07-02,16,2740
2022-07-02,17,2859
2022-07-02,18,2826
2022-07-02,19,2788
2022-07-02,20,2464
2022-07-02,21,1784
2022-07-02,22,1406
2022-07-02,23,1088
2022-07-03,0,540
2022-07-03,1,379
2022-07-03,2,268
2022-07-03,3,245
2022-07-03,4,213
2022-07-03,5,308
2022-07-03,6,319
2022-07-03,7,325
2022-07-03,8,649
2022-07-03,9,1093
2022-07-03,10,1572
2022-07-03,11,1992
2022-07-03,12,2510
2022-07-03,13,2727
2022-07-03,14,2710
2022-07-03,15,2702
2022-07-03,16,2769
2022-07-03,17,2656
2022-07-03,18,2665
2022-07-03,19,2242
2022-07-03,20,1607
2022-07-03,21,1002
2022-07-03,22,635
2022-07-03,23,662
2022-07-04,0,231
2022-07-04,1,175
2022-07-04,2,148
2022-07-04,3,111
2022-07-04,4,112
2022-07-04,5,143
2022-07-04,6,265
2022-07-04,7,825
2022-07-04,8,2020
2022-07-04,9,1271
2022-07-04,10,1124
2022-07-04,11,1651
2022-07-04,12,2413
2022-07-04,13,2068
2022-07-04,14,1858
2022-07-04,15,1740
2022-07-04,16,1847
2022-07-04,17,2496
2022-07-04,18,2634
2022-07-04,19,2356
2022-07-04,20,1732
2022-07-04,21,1164
2022-07-04,22,895
2022-07-04,23,669
2022-07-05,0,275
2022-07-05,1,143
2022-07-05,2,121
2022-07-05,3,90
2022-07-05,4,76
2022-07-05,5,155
2022-07-05,6,267
2022-07-05,7,913
2022-07-05,8,2060
2022-07-05,9,19
2022-07-05,10,1196
2022-07-05,11,1585
2022-07-05,12,2482
2022-07-05,13,1856
2022-07-05,14,1826
2022-07-05,15,1745
2022-07-05,16,1863
2022-07-05,17,2493
2022-07-05,18,2696
2022-07-05,19,2350
2022-07-05,20,1829
2022-07-05,21,1343
2022-07-05,22,939
2022-07-05,23,685
2022-07-06,0,303
2022-07-06,1,183
2022-07-06,2,116
2022-07-06,3,135
2022-07-06,4,100
2022-07-06,5,143
2022-07-06,6,248
2022-07-06,7,805
2022-07-06,8,1839
2022-07-06,9,1299
2022-07-06,10,1243
2022-07-06,11,1658
2022-07-06,12,2379
2022-07-06,13,1823
2022-07-06,14,1779
2022-07-06,15,1802
2022-07-06,16,1826
2022-07-06,17,2725
2022-07-06,18,2795
2022-07-06,19,2400
2022-07-06,20,1886
2022-07-06,21,1371
2022-07-06,22,878
2022-07-06,23,549
2022-07-07,0,254
2022-07-07,1,160
2022-07-07,2,136
2022-07-07,3,107
2022-07-07,4,90
2022-07-07,5,122
2022-07-07,6,209
2022-07-07,7,909
2022-07-07,8,1982
2022-07-07,9,1323
2022-07-07,10,1302
2022-07-07,11,1624
2022-07-07,12,2515
2022-07-07,13,1798
2022-07-07,14,1754
2022-07-07,15,1686
2022-07-07,16,2005
2022-07-07,17,2519
2022-07-07,18,2723
2022-07-07,19,2519
2022-07-07,20,1829
2022-07-07,21,1337
2022-07-07,22,984
2022-07-07,23,754
2022-07-08,0,338
2022-07-08,1,165
2022-07-08,2,129
2022-07-08,3,104
2022-07-08,4,96
2022-07-08,5,157
2022-07-08,6,242
2022-07-08,7,784
2022-07-08,8,1858
2022-07-08,9,1384
2022-07-08,10,1318
2022-07-08,11,1703
2022-07-08,12,2464
2022-07-08,13,1973
2022-07-08,14,1945
2022-07-08,15,1829
2022-07-08,16,2107
2022-07-08,17,2758
2022-07-08,18,3156
2022-07-08,19,2777
2022-07-08,20,2406
2022-07-08,21,1902
2022-07-08,22,1631
2022-07-08,23,1286
2022-07-09,0,648
2022-07-09,1,390
2022-07-09,2,296
2022-07-09,3,226
2022-07-09,4,206
2022-07-09,5,330
2022-07-09,6,309
2022-07-09,7,276
2022-07-09,8,707
2022-07-09,9,1250
2022-07-09,10,1612
2022-07-09,11,2145
2022-07-09,12,2620
2022-07-09,13,2811
2022-07-09,14,2869
2022-07-09,15,2674
2022-07-09,16,2650
2022-07-09,17,2980
2022-07-09,18,2794
2022-07-09,19,2760
2022-07-09,20,2379
2022-07-09,21,1961
2022-07-09,22,1472
2022-07-09,23,1277
2022-07-10,0,540
2022-07-10,1,446
2022-07-10,2,308
2022-07-10,3,286
2022-07-10,4,273
2022-07-10,5,344
2022-07-10,6,273
2022-07-10,7,289
2022-07-10,8,710
2022-07-10,9,1309
2022-07-10,10,1728
2022-07-10,11,2418
2022-07-10,12,2886
2022-07-10,13,2885
2022-07-10,14,3052
2022-07-10,15,2961
2022-07-10,16,2753
2022-07-10,17,2743
2022-07-10,18,2407
2022-07-10,19,2098
2022-07-10,20,1473
2022-07-10,21,1115
2022-07-10,22,852
2022-07-10,23,596
2022-07-11,0,338
2022-07-11,1,187
2022-07-11,2,171
2022-07-11,3,130
2022-07-11,4,103
2022-07-11,5,188
2022-07-11,6,274
2022-07-11,7,860
2022-07-11,8,2086
2022-07-11,9,1287
2022-07-11,10,1256
2022-07-11,11,1539
2022-07-11,12,2281
2022-07-11,13,1947
2022-07-11,14,1816
2022-07-11,15,1724
2022-07-11,16,1819
2022-07-11,17,2527
2022-07-11,18,2550
2022-07-11,19,2254
2022-07-11,20,1710
2022-07-11,21,1304
2022-07-11,22,827
2022-07-11,23,585
2022-07-12,0,298
2022-07-12,1,182
2022-07-12,2,145
2022-07-12,3,129
2022-07-12,4,105
2022-07-12,5,164
2022-07-12,6,252
2022-07-12,7,865
2022-07-12,8,2032
2022-07-12,9,1297
2022-07-12,10,1212
2022-07-12,11,1565
2022-07-12,12,2302
2022-07-12,13,2070
2022-07-12,14,1765
2022-07-12,15,1828
2022-07-12,16,1916
2022-07-12,17,2622
2022-07-12,18,2769
2022-07-12,19,2389
2022-07-12,20,1783
2022-07-12,21,1271
2022-07-12,22,892
2022-07-12,23,645
2022-07-13,0,256
2022-07-13,1,195
2022-07-13,2,169
2022-07-13,3,121
2022-07-13,4,114
2022-07-13,5,178
2022-07-13,6,256
2022-07-13,7,925
2022-07-13,8,1877
2022-07-13,9,1416
2022-07-13,10,1088
2022-07-13,11,1586
2022-07-13,12,1971
2022-07-13,13,1641
2022-07-13,14,1588
2022-07-13,15,1661
2022-07-13,16,1900
2022-07-13,17,2527
2022-07-13,18,2519
2022-07-13,19,2015
2022-07-13,20,1536
2022-07-13,21,1127
2022-07-13,22,807
2022-07-13,23,442
2022-07-14,0,205
2022-07-14,1,152
2022-07-14,2,130
2022-07-14,3,99
2022-07-14,4,118
2022-07-14,5,181
2022-07-14,6,232
2022-07-14,7,834
2022-07-14,8,2016
2022-07-14,9,1459
2022-07-14,10,1386
2022-07-14,11,1682
2022-07-14,12,2677
2022-07-14,13,2123
2022-07-14,14,1958
2022-07-14,15,1923
2022-07-14,16,2076
2022-07-14,17,2622
2022-07-14,18,2748
2022-07-14,19,2498
2022-07-14,20,2041
2022-07-14,21,1390
2022-07-14,22,977
2022-07-14,23,722
2022-07-15,0,337
2022-07-15,1,191
2022-07-15,2,121
2022-07-15,3,118
2022-07-15,4,102
2022-07-15,5,191
2022-07-15,6,258
2022-07-15,7,832
2022-07-15,8,1958
2022-07-15,9,1487
2022-07-15,10,1404
2022-07-15,11,1584
2022-07-15,12,2184
2022-07-15,13,1956
2022-07-15,14,1834
2022-07-15,15,1790
2022-07-15,16,1828
2022-07-15,17,2565
2022-07-15,18,2776
2022-07-15,19,2454
2022-07-15,20,2081
2022-07-15,21,1630
2022-07-15,22,1255
2022-07-15,23,1055
2022-07-16,0,541
2022-07-16,1,428
2022-07-16,2,297
2022-07-16,3,181
2022-07-16,4,189
2022-07-16,5,300
2022-07-16,6,317
2022-07-16,7,323
2022-07-16,8,697
2022-07-16,9,1220
2022-07-16,10,1444
2022-07-16,11,1931
2022-07-16,12,2314
2022-07-16,13,2652
2022-07-16,14,2750
2022-07-16,15,2784
2022-07-16,16,2860
2022-07-16,17,2996
2022-07-16,18,2737
2022-07-16,19,2799
2022-07-16,20,2267
2022-07-16,21,1916
2022-07-16,22,1351
2022-07-16,23,1045
2022-07-17,0,607
2022-07-17,1,333
2022-07-17,2,277
2022-07-17,3,227
2022-07-17,4,217
2022-07-17,5,352
2022-07-17,6,285
2022-07-17,7,295
2022-07-17,8,650
2022-07-17,9,1206
2022-07-17,10,1823
2022-07-17,11,2417
2022-07-17,12,3097
2022-07-17,13,3291
2022-07-17,14,3407
2022-07-17,15,3213
2022-07-17,16,3131
2022-07-17,17,2922
2022-07-17,18,2800
2022-07-17,19,2608
2022-07-17,20,2045
2022-07-17,21,1580
2022-07-17,22,1248
2022-07-17,23,1022
2022-07-18,0,514
2022-07-18,1,360
2022-07-18,2,276
2022-07-18,3,216
2022-07-18,4,234
2022-07-18,5,308
2022-07-18,6,301
2022-07-18,7,301
2022-07-18,8,695
2022-07-18,9,1076
2022-07-18,10,1618
2022-07-18,11,2281
2022-07-18,12,2549
2022-07-18,13,2827
2022-07-18,14,2734
2022-07-18,15,2586
2022-07-18,16,2573
2022-07-18,17,2527
2022-07-18,18,2560
2022-07-18,19,2165
2022-07-18,20,1691
2022-07-18,21,1006
2022-07-18,22,724
2022-07-18,23,503
2022-07-19,0,226
2022-07-19,1,165
2022-07-19,2,124
2022-07-19,3,120
2022-07-19,4,120
2022-07-19,5,161
2022-07-19,6,279
2022-07-19,7,910
2022-07-19,8,2082
2022-07-19,9,1208
2022-07-19,10,1293
2022-07-19,11,1716
2022-07-19,12,2454
2022-07-19,13,1820
2022-07-19,14,1616
2022-07-19,15,1500
2022-07-19,16,1972
2022-07-19,17,2394
2022-07-19,18,2606
2022-07-19,19,2271
2022-07-19,20,1716
2022-07-19,21,1012
2022-07-19,22,857
2022-07-19,23,511
2022-07-20,0,224
2022-07-20,1,133
2022-07-20,2,120
2022-07-20,3,93
2022-07-20,4,70
2022-07-20,5,114
2022-07-20,6,217
2022-07-20,7,904
2022-07-20,8,2147
2022-07-20,9,1376
2022-07-20,10,1387
2022-07-20,11,1614
2022-07-20,12,2441
2022-07-20,13,1931
2022-07-20,14,1747
2022-07-20,15,1836
2022-07-20,16,2021
2022-07-20,17,2593
2022-07-20,18,2708
2022-07-20,19,2383
2022-07-20,20,1780
2022-07-20,21,1424
2022-07-20,22,986
2022-07-20,23,570
2022-07-21,0,273
2022-07-21,1,206
2022-07-21,2,167
2022-07-21,3,126
2022-07-21,4,123
2022-07-21,5,180
2022-07-21,6,293
2022-07-21,7,929
2022-07-21,8,1927
2022-07-21,9,1474
2022-07-21,10,1363
2022-07-21,11,1604
2022-07-21,12,2353
2022-07-21,13,1941
2022-07-21,14,1657
2022-07-21,15,1699
2022-07-21,16,1862
2022-07-21,17,2462
2022-07-21,18,2583
2022-07-21,19,2149
2022-07-21,20,1644
2022-07-21,21,1178
2022-07-21,22,809
2022-07-21,23,681
2022-07-22,0,248
2022-07-22,1,183
2022-07-22,2,139
2022-07-22,3,127
2022-07-22,4,110
2022-07-22,5,164
2022-07-22,6,255
2022-07-22,7,801
2022-07-22,8,1812
2022-07-22,9,1347
2022-07-22,10,1324
2022-07-22,11,1676
2022-07-22,12,2378
2022-07-22,13,1756
2022-07-22,14,1534
2022-07-22,15,1610
2022-07-22,16,1698
2022-07-22,17,2366
2022-07-22,18,2676
2022-07-22,19,2536
2022-07-22,20,1978
2022-07-22,21,1609
2022-07-22,22,1226
2022-07-22,23,880
2022-07-23,0,448
2022-07-23,1,333
2022-07-23,2,216
2022-07-23,3,186
2022-07-23,4,144
2022-07-23,5,219
2022-07-23,6,260
2022-07-23,7,282
2022-07-23,8,698
2022-07-23,9,1301
2022-07-23,10,1611
2022-07-23,11,2007
2022-07-23,12,1533
2022-07-23,13,2017
2022-07-23,14,2519
2022-07-23,15,2441
2022-07-23,16,2575
2022-07-23,17,2693
2022-07-23,18,2594
2022-07-23,19,2425
2022-07-23,20,2119
2022-07-23,21,1711
2022-07-23,22,1240
2022-07-23,23,1026
2022-07-24,0,416
2022-07-24,1,305
2022-07-24,2,269
2022-07-24,3,193
2022-07-24,4,221
2022-07-24,5,263
2022-07-24,6,238
2022-07-24,7,279
2022-07-24,8,726
2022-07-24,9,1112
2022-07-24,10,1438
2022-07-24,11,2000
2022-07-24,12,2260
2022-07-24,13,2734
2022-07-24,14,2624
2022-07-24,15,2698
2022-07-24,16,2464
2022-07-24,17,2454
2022-07-24,18,2323
2022-07-24,19,2026
2022-07-24,20,1389
2022-07-24,21,827
2022-07-24,22,642
2022-07-24,23,470
2022-07-25,0,236
2022-07-25,1,160
2022-07-25,2,115
2022-07-25,3,103
2022-07-25,4,119
2022-07-25,5,164
2022-07-25,6,272
2022-07-25,7,938
2022-07-25,8,2064
2022-07-25,9,1538
2022-07-25,10,1496
2022-07-25,11,1765
2022-07-25,12,2704
2022-07-25,13,2143
2022-07-25,14,2082
2022-07-25,15,2140
2022-07-25,16,2144
2022-07-25,17,2657
2022-07-25,18,2995
2022-07-25,19,2366
2022-07-25,20,1802
2022-07-25,21,1141
2022-07-25,22,726
2022-07-25,23,571
2022-07-26,0,301
2022-07-26,1,128
2022-07-26,2,125
2022-07-26,3,110
2022-07-26,4,104
2022-07-26,5,186
2022-07-26,6,246
2022-07-26,7,869
2022-07-26,8,1952
2022-07-26,9,1325
2022-07-26,10,1289
2022-07-26,11,1713
2022-07-26,12,2492
2022-07-26,13,2000
2022-07-26,14,1867
2022-07-26,15,1920
2022-07-26,16,1956
2022-07-26,17,2486
2022-07-26,18,2691
2022-07-26,19,2287
2022-07-26,20,1598
2022-07-26,21,1245
2022-07-26,22,857
2022-07-26,23,642
2022-07-27,0,214
2022-07-27,1,156
2022-07-27,2,107
2022-07-27,3,83
2022-07-27,4,121
2022-07-27,5,153
2022-07-27,6,251
2022-07-27,7,822
2022-07-27,8,1852
2022-07-27,9,1320
2022-07-27,10,1266
2022-07-27,11,1794
2022-07-27,12,2336
2022-07-27,13,2134
2022-07-27,14,1969
2022-07-27,15,1843
2022-07-27,16,1962
2022-07-27,17,2571
2022-07-27,18,2627
2022-07-27,19,2091
2022-07-27,20,1557
2022-07-27,21,1133
2022-07-27,22,779
2022-07-27,23,671
2022-07-28,0,279
2022-07-28,1,195
2022-07-28,2,147
2022-07-28,3,130
2022-07-28,4,146
2022-07-28,5,163
2022-07-28,6,273
2022-07-28,7,801
2022-07-28,8,1836
2022-07-28,9,1504
2022-07-28,10,1543
2022-07-28,11,1819
2022-07-28,12,2719
2022-07-28,13,2206
2022-07-28,14,2085
2022-07-28,15,1818
2022-07-28,16,1920
2022-07-28,17,2423
2022-07-28,18,2589
2022-07-28,19,2262
2022-07-28,20,1783
2022-07-28,21,1226
2022-07-28,22,916
2022-07-28,23,678
2022-07-29,0,283
2022-07-29,1,213
2022-07-29,2,154
2022-07-29,3,121
2022-07-29,4,121
2022-07-29,5,147
2022-07-29,6,253
2022-07-29,7,824
2022-07-29,8,1787
2022-07-29,9,1486
2022-07-29,10,1526
2022-07-29,11,1942
2022-07-29,12,2658
2022-07-29,13,2170
2022-07-29,14,1884
2022-07-29,15,1959
2022-07-29,16,2089
2022-07-29,17,2640
2022-07-29,18,2958
2022-07-29,19,2656
2022-07-29,20,2099
2022-07-29,21,1597
2022-07-29,22,1230
2022-07-29,23,964
2022-07-30,0,525
2022-07-30,1,310
2022-07-30,2,202
2022-07-30,3,178
2022-07-30,4,139
2022-07-30,5,274
2022-07-30,6,267
2022-07-30,7,310
2022-07-30,8,712
2022-07-30,9,1277
2022-07-30,10,1553
2022-07-30,11,2096
2022-07-30,12,2529
2022-07-30,13,2674
2022-07-30,14,2627
2022-07-30,15,2473
2022-07-30,16,2420
2022-07-30,17,2583
2022-07-30,18,2546
2022-07-30,19,2554
2022-07-30,20,2058
2022-07-30,21,1633
2022-07-30,22,1203
2022-07-30,23,1091
2022-07-31,0,461
2022-07-31,1,352
2022-07-31,2,282
2022-07-31,3,180
2022-07-31,4,149
2022-07-31,5,248
2022-07-31,6,272
2022-07-31,7,327
2022-07-31,8,670
2022-07-31,9,1222
2022-07-31,10,1602
2022-07-31,11,2288
2022-07-31,12,2554
2022-07-31,13,2661
2022-07-31,14,2728
2022-07-31,15,2389
2022-07-31,16,2491
2022-07-31,17,2232
2022-07-31,18,2161
2022-07-31,19,1883
2022-07-31,20,1588
2022-07-31,21,1011
2022-07-31,22,696
2022-07-31,23,492
2022-08-01,0,256
2022-08-01,1,198
2022-08-01,2,157
2022-08-01,3,116
2022-08-01,4,112
2022-08-01,5,214
2022-08-01,6,276
2022-08-01,7,834
2022-08-01,8,1972
2022-08-01,9,1365
2022-08-01,10,1344
2022-08-01,11,1636
2022-08-01,12,2403
2022-08-01,13,2025
2022-08-01,14,2071
2022-08-01,15,1840
2022-08-01,16,1849
2022-08-01,17,2556
2022-08-01,18,2753
2022-08-01,19,2150
2022-08-01,20,1572
2022-08-01,21,1082
2022-08-01,22,758
2022-08-01,23,517
2022-08-02,0,207
2022-08-02,1,117
2022-08-02,2,111
2022-08-02,3,98
2022-08-02,4,97
2022-08-02,5,104
2022-08-02,6,272
2022-08-02,7,828
2022-08-02,8,1996
2022-08-02,9,1442
2022-08-02,10,1214
2022-08-02,11,1637
2022-08-02,12,2289
2022-08-02,13,1987
2022-08-02,14,1831
2022-08-02,15,1743
2022-08-02,16,1797
2022-08-02,17,2463
2022-08-02,18,2664
2022-08-02,19,2260
2022-08-02,20,1489
2022-08-02,21,1193
2022-08-02,22,676
2022-08-02,23,576
2022-08-03,0,285
2022-08-03,1,172
2022-08-03,2,151
2022-08-03,3,167
2022-08-03,4,143
2022-08-03,5,169
2022-08-03,6,305
2022-08-03,7,880
2022-08-03,8,1789
2022-08-03,9,1337
2022-08-03,10,1066
2022-08-03,11,1487
2022-08-03,12,2042
2022-08-03,13,1929
2022-08-03,14,1816
2022-08-03,15,1829
2022-08-03,16,1872
2022-08-03,17,2477
2022-08-03,18,2667
2022-08-03,19,2097
2022-08-03,20,1593
2022-08-03,21,1321
2022-08-03,22,783
2022-08-03,23,529
2022-08-04,0,265
2022-08-04,1,188
2022-08-04,2,150
2022-08-04,3,107
2022-08-04,4,104
2022-08-04,5,185
2022-08-04,6,284
2022-08-04,7,916
2022-08-04,8,1887
2022-08-04,9,1451
2022-08-04,10,1459
2022-08-04,11,1692
2022-08-04,12,2625
2022-08-04,13,2425
2022-08-04,14,2077
2022-08-04,15,1995
2022-08-04,16,2058
2022-08-04,17,2533
2022-08-04,18,2696
2022-08-04,19,2508
2022-08-04,20,1958
2022-08-04,21,1305
2022-08-04,22,718
2022-08-04,23,595
2022-08-05,0,263
2022-08-05,1,170
2022-08-05,2,174
2022-08-05,3,133
2022-08-05,4,109
2022-08-05,5,188
2022-08-05,6,242
2022-08-05,7,779
2022-08-05,8,1902
2022-08-05,9,1457
2022-08-05,10,1546
2022-08-05,11,1811
2022-08-05,12,2701
2022-08-05,13,2419
2022-08-05,14,2312
2022-08-05,15,2395
2022-08-05,16,2822
2022-08-05,17,3946
2022-08-05,18,4634
2022-08-05,19,4261
2022-08-05,20,6333
2022-08-05,21,3215
2022-08-05,22,1984
2022-08-05,23,1366
2022-08-06,0,568
2022-08-06,1,452
2022-08-06,2,303
2022-08-06,3,232
2022-08-06,4,223
2022-08-06,5,435
2022-08-06,6,488
2022-08-06,7,661
2022-08-06,8,1331
2022-08-06,9,2131
2022-08-06,10,2752
2022-08-06,11,3171
2022-08-06,12,3661
2022-08-06,13,3912
2022-08-06,14,3810
2022-08-06,15,3733
2022-08-06,16,3599
2022-08-06,17,3631
2022-08-06,18,3683
2022-08-06,19,3707
2022-08-06,20,3221
2022-08-06,21,2500
2022-08-06,22,1672
2022-08-06,23,1222
2022-08-07,0,697
2022-08-07,1,414
2022-08-07,2,271
2022-08-07,3,224
2022-08-07,4,191
2022-08-07,5,355
2022-08-07,6,552
2022-08-07,7,686
2022-08-07,8,1198
2022-08-07,9,2051
2022-08-07,10,2547
2022-08-07,11,3000
2022-08-07,12,3418
2022-08-07,13,3686
2022-08-07,14,3584
2022-08-07,15,3604
2022-08-07,16,3789
2022-08-07,17,3753
2022-08-07,18,3675
2022-08-07,19,3328
2022-08-07,20,2822
2022-08-07,21,1720
2022-08-07,22,1124
2022-08-07,23,820
2022-08-08,0,385
2022-08-08,1,300
2022-08-08,2,185
2022-08-08,3,128
2022-08-08,4,91
2022-08-08,5,300
2022-08-08,6,400
2022-08-08,7,1170
2022-08-08,8,2428
2022-08-08,9,1831
2022-08-08,10,2385
2022-08-08,11,2820
2022-08-08,12,3582
2022-08-08,13,3436
2022-08-08,14,3543
2022-08-08,15,3404
2022-08-08,16,3521
2022-08-08,17,4095
2022-08-08,18,4144
2022-08-08,19,3859
2022-08-08,20,2632
2022-08-08,21,1555
2022-08-08,22,772
2022-08-08,23,668
2022-08-09,0,234
2022-08-09,1,173
2022-08-09,2,188
2022-08-09,3,130
2022-08-09,4,125
2022-08-09,5,192
2022-08-09,6,308
2022-08-09,7,856
2022-08-09,8,1948
2022-08-09,9,1465
2022-08-09,10,1481
2022-08-09,11,1905
2022-08-09,12,2560
2022-08-09,13,2434
2022-08-09,14,2273
2022-08-09,15,1980
2022-08-09,16,2116
2022-08-09,17,2710
2022-08-09,18,3092
2022-08-09,19,2688
2022-08-09,20,2100
2022-08-09,21,1403
2022-08-09,22,939
2022-08-09,23,820
2022-08-10,0,360
2022-08-10,1,215
2022-08-10,2,158
2022-08-10,3,104
2022-08-10,4,108
2022-08-10,5,210
2022-08-10,6,284
2022-08-10,7,756
2022-08-10,8,1754
2022-08-10,9,1473
2022-08-10,10,1522
2022-08-10,11,1925
2022-08-10,12,2665
2022-08-10,13,2438
2022-08-10,14,2349
2022-08-10,15,2264
2022-08-10,16,2145
2022-08-10,17,2909
2022-08-10,18,2931
2022-08-10,19,2908
2022-08-10,20,2086
2022-08-10,21,1580
2022-08-10,22,1207
2022-08-10,23,885
2022-08-11,0,518
2022-08-11,1,299
2022-08-11,2,249
2022-08-11,3,199
2022-08-11,4,147
2022-08-11,5,248
2022-08-11,6,266
2022-08-11,7,340
2022-08-11,8,699
2022-08-11,9,1286
2022-08-11,10,1590
2022-08-11,11,2127
2022-08-11,12,2406
2022-08-11,13,2599
2022-08-11,14,2625
2022-08-11,15,2511
2022-08-11,16,2600
2022-08-11,17,2683
2022-08-11,18,2607
2022-08-11,19,2588
2022-08-11,20,1891
2022-08-11,21,1398
2022-08-11,22,1070
2022-08-11,23,914
2022-08-12,0,414
2022-08-12,1,215
2022-08-12,2,168
2022-08-12,3,132
2022-08-12,4,131
2022-08-12,5,205
2022-08-12,6,256
2022-08-12,7,602
2022-08-12,8,1167
2022-08-12,9,1194
2022-08-12,10,1464
2022-08-12,11,1936
2022-08-12,12,2563
2022-08-12,13,2624
2022-08-12,14,2487
2022-08-12,15,2301
2022-08-12,16,2498
2022-08-12,17,2762
2022-08-12,18,2856
2022-08-12,19,2520
2022-08-12,20,2103
2022-08-12,21,1540
2022-08-12,22,1259
2022-08-12,23,1032
2022-08-13,0,492
2022-08-13,1,318
2022-08-13,2,237
2022-08-13,3,163
2022-08-13,4,188
2022-08-13,5,323
2022-08-13,6,249
2022-08-13,7,288
2022-08-13,8,671
2022-08-13,9,1037
2022-08-13,10,1492
2022-08-13,11,1989
2022-08-13,12,2386
2022-08-13,13,2624
2022-08-13,14,2502
2022-08-13,15,2411
2022-08-13,16,2511
2022-08-13,17,2328
2022-08-13,18,2300
2022-08-13,19,2376
2022-08-13,20,1966
2022-08-13,21,1465
2022-08-13,22,1203
2022-08-13,23,1049
2022-08-14,0,521
2022-08-14,1,369
2022-08-14,2,256
2022-08-14,3,238
2022-08-14,4,196
2022-08-14,5,258
2022-08-14,6,234
2022-08-14,7,254
2022-08-14,8,759
2022-08-14,9,1174
2022-08-14,10,1674
2022-08-14,11,2182
2022-08-14,12,2586
2022-08-14,13,2611
2022-08-14,14,2493
2022-08-14,15,2469
2022-08-14,16,2508
2022-08-14,17,2439
2022-08-14,18,2330
2022-08-14,19,2007
2022-08-14,20,1745
2022-08-14,21,1282
2022-08-14,22,871
2022-08-14,23,714
2022-08-15,0,329
2022-08-15,1,245
2022-08-15,2,193
2022-08-15,3,141
2022-08-15,4,138
2022-08-15,5,265
2022-08-15,6,205
2022-08-15,7,546
2022-08-15,8,1140
2022-08-15,9,960
2022-08-15,10,1253
2022-08-15,11,1952
2022-08-15,12,2533
2022-08-15,13,2487
2022-08-15,14,2414
2022-08-15,15,2385
2022-08-15,16,2456
2022-08-15,17,2702
2022-08-15,18,2735
2022-08-15,19,2216
2022-08-15,20,1753
2022-08-15,21,1324
2022-08-15,22,989
2022-08-15,23,819
2022-08-16,0,366
2022-08-16,1,200
2022-08-16,2,175
2022-08-16,3,183
2022-08-16,4,123
2022-08-16,5,248
2022-08-16,6,295
2022-08-16,7,689
2022-08-16,8,1459
2022-08-16,9,1199
2022-08-16,10,1334
2022-08-16,11,1968
2022-08-16,12,2692
2022-08-16,13,2457
2022-08-16,14,1954
2022-08-16,15,2223
2022-08-16,16,2360
2022-08-16,17,2768
2022-08-16,18,2788
2022-08-16,19,2237
2022-08-16,20,1697
2022-08-16,21,1258
2022-08-16,22,807
2022-08-16,23,670
2022-08-17,0,319
2022-08-17,1,228
2022-08-17,2,157
2022-08-17,3,132
2022-08-17,4,126
2022-08-17,5,196
2022-08-17,6,304
2022-08-17,7,817
2022-08-17,8,1910
2022-08-17,9,1249
2022-08-17,10,1377
2022-08-17,11,1847
2022-08-17,12,2683
2022-08-17,13,2270
2022-08-17,14,2181
2022-08-17,15,2166
2022-08-17,16,2297
2022-08-17,17,2883
2022-08-17,18,3018
2022-08-17,19,2307
2022-08-17,20,1946
2022-08-17,21,1176
2022-08-17,22,872
2022-08-17,23,594
2022-08-18,0,243
2022-08-18,1,163
2022-08-18,2,113
2022-08-18,3,115
2022-08-18,4,103
2022-08-18,5,204
2022-08-18,6,211
2022-08-18,7,737
2022-08-18,8,1709
2022-08-18,9,1264
2022-08-18,10,1235
2022-08-18,11,1608
2022-08-18,12,2431
2022-08-18,13,2184
2022-08-18,14,2038
2022-08-18,15,1936
2022-08-18,16,2006
2022-08-18,17,2553
2022-08-18,18,2698
2022-08-18,19,2315
2022-08-18,20,1807
2022-08-18,21,1302
2022-08-18,22,1051
2022-08-18,23,614
2022-08-19,0,310
2022-08-19,1,225
2022-08-19,2,153
2022-08-19,3,141
2022-08-19,4,116
2022-08-19,5,229
2022-08-19,6,301
2022-08-19,7,919
2022-08-19,8,2052
2022-08-19,9,1497
2022-08-19,10,1432
2022-08-19,11,2060
2022-08-19,12,2857
2022-08-19,13,2512
2022-08-19,14,2390
2022-08-19,15,2157
2022-08-19,16,2415
2022-08-19,17,3080
2022-08-19,18,3101
2022-08-19,19,2909
2022-08-19,20,2314
2022-08-19,21,1775
2022-08-19,22,1264
2022-08-19,23,1068
2022-08-20,0,517
2022-08-20,1,334
2022-08-20,2,265
2022-08-20,3,150
2022-08-20,4,131
2022-08-20,5,251
2022-08-20,6,263
2022-08-20,7,318
2022-08-20,8,695
2022-08-20,9,1138
2022-08-20,10,1568
2022-08-20,11,1921
2022-08-20,12,2473
2022-08-20,13,2580
2022-08-20,14,2472
2022-08-20,15,2455
2022-08-20,16,2610
2022-08-20,17,2489
2022-08-20,18,2194
2022-08-20,19,2235
2022-08-20,20,1979
2022-08-20,21,1640
2022-08-20,22,1320
2022-08-20,23,1008
2022-08-21,0,504
2022-08-21,1,309
2022-08-21,2,244
2022-08-21,3,201
2022-08-21,4,161
2022-08-21,5,304
2022-08-21,6,270
2022-08-21,7,310
2022-08-21,8,696
2022-08-21,9,1242
2022-08-21,10,1787
2022-08-21,11,2291
2022-08-21,12,2636
2022-08-21,13,2947
2022-08-21,14,2697
2022-08-21,15,2708
2022-08-21,16,2462
2022-08-21,17,2203
2022-08-21,18,2170
2022-08-21,19,1796
2022-08-21,20,1538
2022-08-21,21,1251
2022-08-21,22,786
2022-08-21,23,603
2022-08-22,0,248
2022-08-22,1,204
2022-08-22,2,126
2022-08-22,3,124
2022-08-22,4,108
2022-08-22,5,183
2022-08-22,6,285
2022-08-22,7,976
2022-08-22,8,2126
2022-08-22,9,1496
2022-08-22,10,1488
2022-08-22,11,1846
2022-08-22,12,2630
2022-08-22,13,2163
2022-08-22,14,2163
2022-08-22,15,2042
2022-08-22,16,2183
2022-08-22,17,2888
2022-08-22,18,2980
2022-08-22,19,2554
2022-08-22,20,1740
2022-08-22,21,1168
2022-08-22,22,782
2022-08-22,23,545
2022-08-23,0,284
2022-08-23,1,176
2022-08-23,2,117
2022-08-23,3,135
2022-08-23,4,93
2022-08-23,5,167
2022-08-23,6,266
2022-08-23,7,913
2022-08-23,8,2050
2022-08-23,9,1590
2022-08-23,10,1470
2022-08-23,11,1947
2022-08-23,12,2651
2022-08-23,13,2449
2022-08-23,14,2137
2022-08-23,15,2053
2022-08-23,16,2087
2022-08-23,17,2786
2022-08-23,18,2820
2022-08-23,19,2370
2022-08-23,20,1743
2022-08-23,21,1177
2022-08-23,22,780
2022-08-23,23,648
2022-08-24,0,351
2022-08-24,1,195
2022-08-24,2,155
2022-08-24,3,126
2022-08-24,4,106
2022-08-24,5,152
2022-08-24,6,266
2022-08-24,7,898
2022-08-24,8,1962
2022-08-24,9,1375
2022-08-24,10,1375
2022-08-24,11,1929
2022-08-24,12,2696
2022-08-24,13,2367
2022-08-24,14,2250
2022-08-24,15,2221
2022-08-24,16,2315
2022-08-24,17,2969
2022-08-24,18,2995
2022-08-24,19,2273
2022-08-24,20,1679
2022-08-24,21,1271
2022-08-24,22,896
2022-08-24,23,656
2022-08-25,0,285
2022-08-25,1,208
2022-08-25,2,189
2022-08-25,3,137
2022-08-25,4,144
2022-08-25,5,199
2022-08-25,6,302
2022-08-25,7,932
2022-08-25,8,2046
2022-08-25,9,1562
2022-08-25,10,1532
2022-08-25,11,1876
2022-08-25,12,2620
2022-08-25,13,2290
2022-08-25,14,2071
2022-08-25,15,2008
2022-08-25,16,2165
2022-08-25,17,2782
2022-08-25,18,2730
2022-08-25,19,2468
2022-08-25,20,1852
2022-08-25,21,1333
2022-08-25,22,934
2022-08-25,23,675
2022-08-26,0,282
2022-08-26,1,237
2022-08-26,2,193
2022-08-26,3,144
2022-08-26,4,145
2022-08-26,5,160
2022-08-26,6,307
2022-08-26,7,843
2022-08-26,8,2022
2022-08-26,9,1579
2022-08-26,10,1591
2022-08-26,11,1999
2022-08-26,12,2863
2022-08-26,13,2281
2022-08-26,14,2192
2022-08-26,15,2024
2022-08-26,16,2174
2022-08-26,17,2888
2022-08-26,18,3216
2022-08-26,19,2776
2022-08-26,20,2289
2022-08-26,21,1763
2022-08-26,22,1294
2022-08-26,23,1063
2022-08-27,0,602
2022-08-27,1,399
2022-08-27,2,271
2022-08-27,3,228
2022-08-27,4,188
2022-08-27,5,265
2022-08-27,6,272
2022-08-27,7,278
2022-08-27,8,801
2022-08-27,9,1330
2022-08-27,10,1916
2022-08-27,11,2490
2022-08-27,12,2930
2022-08-27,13,3149
2022-08-27,14,3214
2022-08-27,15,3164
2022-08-27,16,3235
2022-08-27,17,3085
2022-08-27,18,2654
2022-08-27,19,2475
2022-08-27,20,1958
2022-08-27,21,1485
2022-08-27,22,1256
2022-08-27,23,988
2022-08-28,0,506
2022-08-28,1,351
2022-08-28,2,295
2022-08-28,3,232
2022-08-28,4,186
2022-08-28,5,331
2022-08-28,6,324
2022-08-28,7,293
2022-08-28,8,710
2022-08-28,9,1173
2022-08-28,10,1581
2022-08-28,11,2017
2022-08-28,12,2193
2022-08-28,13,2820
2022-08-28,14,2758
2022-08-28,15,2697
2022-08-28,16,2693
2022-08-28,17,2323
2022-08-28,18,2426
2022-08-28,19,2053
2022-08-28,20,1343
2022-08-28,21,1058
2022-08-28,22,779
2022-08-28,23,644
2022-08-29,0,270
2022-08-29,1,161
2022-08-29,2,143
2022-08-29,3,96
2022-08-29,4,98
2022-08-29,5,193
2022-08-29,6,267
2022-08-29,7,883
2022-08-29,8,2142
2022-08-29,9,1549
2022-08-29,10,1467
2022-08-29,11,1888
2022-08-29,12,2712
2022-08-29,13,2260
2022-08-29,14,2166
2022-08-29,15,2151
2022-08-29,16,2228
2022-08-29,17,2865
2022-08-29,18,2936
2022-08-29,19,2637
2022-08-29,20,1667
2022-08-29,21,1124
2022-08-29,22,813
2022-08-29,23,692
2022-08-30,0,243
2022-08-30,1,187
2022-08-30,2,117
2022-08-30,3,115
2022-08-30,4,111
2022-08-30,5,175
2022-08-30,6,258
2022-08-30,7,942
2022-08-30,8,2044
2022-08-30,9,1530
2022-08-30,10,1362
2022-08-30,11,1624
2022-08-30,12,2352
2022-08-30,13,2053
2022-08-30,14,1880
2022-08-30,15,1723
2022-08-30,16,1815
2022-08-30,17,2547
2022-08-30,18,2662
2022-08-30,19,2267
2022-08-30,20,1604
2022-08-30,21,1130
2022-08-30,22,874
2022-08-30,23,664
2022-08-31,0,280
2022-08-31,1,167
2022-08-31,2,129
2022-08-31,3,105
2022-08-31,4,123
2022-08-31,5,139
2022-08-31,6,258
2022-08-31,7,813
2022-08-31,8,2047
2022-08-31,9,1362
2022-08-31,10,1246
2022-08-31,11,1790
2022-08-31,12,2381
2022-08-31,13,2012
2022-08-31,14,1906
2022-08-31,15,1857
2022-08-31,16,2118
2022-08-31,17,2636
2022-08-31,18,2734
2022-08-31,19,2176
2022-08-31,20,1777
2022-08-31,21,1314
2022-08-31,22,863
2022-08-31,23,628
